{
  "hero-title": "सखीपेय",
  "hero-desc": "सखीपेय एक एआई-सक्षम, वॉइस-इनेबल्ड वेब ऐप है जो महिलाओं को उनके खुद के भाषा में सुरक्षित रूप से डिजिटल पेमेंट्स और UPI उपयोग करना सिखाता है।",
  "start-btn": "शुरू करें",
  "interactive-title": "इंटरएक्टिव लर्निंग",
  "chat-title": "सखी से बात करें",
  "chat-desc": "इंटरएक्टिव चैटबॉट जो बैंक, सेविंग्स, UPI, योजनाओं, सुरक्षा आदि पर सवालों के जवाब देता है।",
  "budget-title": "बजट कैलकुलेटर",
  "budget-desc": "मासिक बजट, EMI, ब्याज कैलकुलेटर जैसे सरल टूल्स।",
  "safety-title": "सहायता और सुरक्षा",
  "safety-desc": "आपातकालीन हेल्पलाइन, नजदीकी मदद केंद्र, सुरक्षित डिजिटल उपयोग के टिप्स।",
  "tools-title": "सखीपेय टूल्स और गाइडेंस",
  "schemes-title": "📜 महिला योजनाएं",
  "schemes-desc": "PMJDY, सुकन्या समृद्धि आदि की जानकारी और आवेदन प्रक्रिया।",
  "basics-title": "📘 मूल बातें सीखें",
  "basics-desc": "UPI उपयोग करना, खाता खोलना, पैसे बचाना आदि पर गाइड।",
  "quiz-title": "🎯 दैनिक टिप्स / 📝 क्विज़",
  "quiz-desc": "छोटे क्विज़ और टिप्स से जागरूकता बढ़ाएं।",
  "videos-title": "🎥 वीडियो से सीखें",
  "videos-desc": "वीडियो/ऑडियो में आसान भाषा में जानकारी — अनपढ़ उपयोगकर्ताओं के लिए भी।",
  "locator-title": "📍 नजदीकी बैंक खोजें",
  "locator-desc": "लोकेशन से नजदीकी बैंक या एटीएम खोजें।",
  "docs-title": "📂 ज़रूरी दस्तावेज़",
  "docs-desc": "ऋण और खाता खोलने में ज़रूरी कागजात की सूची।",
  "footer-text": "डिजिटल इंडिया के लिए ❤️ से बनाया गया | सखीपेय © 2025"
}
